{
    "name": "root",
    "gauges": {
        "NormalAgent.Policy.Entropy.mean": {
            "value": 0.9960201978683472,
            "min": 0.9952985048294067,
            "max": 1.4227092266082764,
            "count": 1000
        },
        "NormalAgent.Policy.ExtrinsicValueEstimate.mean": {
            "value": 0.24021756649017334,
            "min": -0.17003722488880157,
            "max": 0.4764138162136078,
            "count": 1000
        },
        "NormalAgent.Policy.CuriosityValueEstimate.mean": {
            "value": 8.789812088012695,
            "min": -0.2702483534812927,
            "max": 20.29594612121582,
            "count": 1000
        },
        "NormalAgent.IsTraining.mean": {
            "value": 1.0,
            "min": 1.0,
            "max": 1.0,
            "count": 1000
        },
        "NormalAgent.Losses.ValueLoss.mean": {
            "value": 2.521756172180176,
            "min": 0.003008855041116476,
            "max": 135.16831970214844,
            "count": 479
        },
        "NormalAgent.Losses.PolicyLoss.mean": {
            "value": 0.015820108354091644,
            "min": 0.008697237819433212,
            "max": 0.025715788826346397,
            "count": 479
        },
        "NormalAgent.Policy.LearningRate.mean": {
            "value": 0.00030000004335306585,
            "min": 0.0003000000142492354,
            "max": 0.00030000004335306585,
            "count": 479
        },
        "NormalAgent.Policy.Epsilon.mean": {
            "value": 0.19999997317790985,
            "min": 0.19999997317790985,
            "max": 0.20000000298023224,
            "count": 479
        },
        "NormalAgent.Policy.Beta.mean": {
            "value": 0.004999999422580004,
            "min": 0.004999999422580004,
            "max": 0.004999999888241291,
            "count": 479
        },
        "NormalAgent.Losses.CuriosityForwardLoss.mean": {
            "value": 0.016728460788726807,
            "min": 0.012171817943453789,
            "max": 579.8856811523438,
            "count": 479
        },
        "NormalAgent.Losses.CuriosityInverseLoss.mean": {
            "value": 0.21727032959461212,
            "min": 0.1917608678340912,
            "max": 6.014956951141357,
            "count": 479
        },
        "NormalAgent.Environment.EpisodeLength.mean": {
            "value": 355.7,
            "min": 202.57692307692307,
            "max": 22012.0,
            "count": 954
        },
        "NormalAgent.Self-play.ELO.mean": {
            "value": 1441.5627248846067,
            "min": 1105.275968034682,
            "max": 1458.7424197238997,
            "count": 954
        },
        "NormalAgent.Environment.CumulativeReward.mean": {
            "value": 1.6394238812582833,
            "min": -3.9677373534068465,
            "max": 1.9711762775074353,
            "count": 952
        },
        "NormalAgent.Policy.ExtrinsicReward.mean": {
            "value": 1.6394238812582833,
            "min": -3.9677373534068465,
            "max": 1.9711762775074353,
            "count": 952
        },
        "NormalAgent.Policy.CuriosityReward.mean": {
            "value": 0.12522302301866667,
            "min": 0.06083595988285892,
            "max": 7756.298614501953,
            "count": 952
        }
    },
    "metadata": {
        "timer_format_version": "0.1.0",
        "start_time_seconds": "1614698012",
        "python_version": "3.7.3 (default, Apr 24 2019, 15:29:51) [MSC v.1915 64 bit (AMD64)]",
        "command_line_arguments": "D:\\Application\\Anaconda3\\Scripts\\mlagents-learn config/NormalAgent.yaml --run-id=NA4",
        "mlagents_version": "0.21.1",
        "mlagents_envs_version": "0.21.1",
        "communication_protocol_version": "1.2.0",
        "tensorflow_version": "2.0.1",
        "numpy_version": "1.18.5",
        "end_time_seconds": "1614716039"
    },
    "total": 18027.473610200002,
    "count": 1,
    "self": 0.313085100002354,
    "children": {
        "run_training.setup": {
            "total": 0.0060997999999998775,
            "count": 1,
            "self": 0.0060997999999998775
        },
        "TrainerController.start_learning": {
            "total": 18027.1544253,
            "count": 1,
            "self": 52.69260050131561,
            "children": {
                "TrainerController._reset_env": {
                    "total": 26.52892380000723,
                    "count": 100,
                    "self": 26.52892380000723
                },
                "TrainerController.advance": {
                    "total": 17947.62840469868,
                    "count": 2539630,
                    "self": 24.051425298373942,
                    "children": {
                        "env_step": {
                            "total": 17923.576979400306,
                            "count": 2539630,
                            "self": 14749.896244198488,
                            "children": {
                                "SubprocessEnvManager._take_step": {
                                    "total": 3147.396805701513,
                                    "count": 2539630,
                                    "self": 92.61530339960109,
                                    "children": {
                                        "TFPolicy.evaluate": {
                                            "total": 3054.781502301912,
                                            "count": 5048128,
                                            "self": 3054.781502301912
                                        }
                                    }
                                },
                                "workers": {
                                    "total": 26.283929500306108,
                                    "count": 2539630,
                                    "self": 0.0,
                                    "children": {
                                        "worker_root": {
                                            "total": 17950.883460199024,
                                            "count": 2539630,
                                            "is_parallel": true,
                                            "self": 6345.33912569769,
                                            "children": {
                                                "steps_from_proto": {
                                                    "total": 0.05471530000134095,
                                                    "count": 200,
                                                    "is_parallel": true,
                                                    "self": 0.012878800040795113,
                                                    "children": {
                                                        "_process_vector_observation": {
                                                            "total": 0.041836499960545837,
                                                            "count": 1200,
                                                            "is_parallel": true,
                                                            "self": 0.041836499960545837
                                                        }
                                                    }
                                                },
                                                "UnityEnvironment.step": {
                                                    "total": 11605.489619201333,
                                                    "count": 2539630,
                                                    "is_parallel": true,
                                                    "self": 296.2203673998847,
                                                    "children": {
                                                        "UnityEnvironment._generate_step_input": {
                                                            "total": 205.29187869964545,