{"count":1,"self":121.03179519999999,"total":128.6970494,"children":{"InitializeActuators":{"count":3,"self":0.0019944999999999997,"total":0.0019944999999999997,"children":null},"InitializeSensors":{"count":3,"self":0.0019674,"total":0.0019674,"children":null},"AgentSendState":{"count":6207,"self":0.1274277,"total":0.18125929999999998,"children":{"CollectObservations":{"count":6207,"self":0.0099747,"total":0.0099747,"children":null},"CollectDiscreteActionMasks":{"count":6207,"self":0.013989999999999999,"total":0.013989999999999999,"children":null},"RequestDecision":{"count":6207,"self":0.0298669,"total":0.0298669,"children":null}}},"DecideAction":{"count":6207,"self":6.8031744,"total":7.1968964999999994,"children":{"RayPerceptionSensor.Perceive":{"count":12414,"self":0.39372229999999997,"total":0.39372229999999997,"children":null}}},"AgentAct":{"count":6207,"self":0.28213879999999997,"total":0.28213879999999997,"children":null}},"gauges":{},"metadata":{"timer_format_version":"0.1.0","start_time_seconds":"1624000207","unity_version":"2019.4.9f1","command_line_arguments":"C:\\Program Files\\Unity\\Editor\\2019.4.9f1\\Editor\\Unity.exe -projectpath E:\/UnityProjects\/CheatAI -useHub -hubIPC -cloudEnvironment production -hubSessionId 6c271270-cf2d-11eb-843e-49f99c647871 -accessToken 933AuaY8cCY_97fTRuX7qI9jRSBcMZBuMV6euXYp7oc01ef","communication_protocol_version":"1.2.0","com.unity.ml-agents_version":"1.5.0-preview","scene_name":"GamePlay","end_time_seconds":"1624000336"}}