{"count":1,"self":26.237862399999997,"total":28.289209099999997,"children":{"InitializeActuators":{"count":8,"self":0.0020217,"total":0.0020217,"children":null},"InitializeSensors":{"count":8,"self":0.0009973,"total":0.0009973,"children":null},"AgentSendState":{"count":1177,"self":0.047644599999999995,"total":0.0824208,"children":{"CollectObservations":{"count":3144,"self":0.0089202999999999991,"total":0.0089202999999999991,"children":null},"CollectDiscreteActionMasks":{"count":3144,"self":0.0079797,"total":0.0079797,"children":null},"RequestDecision":{"count":3144,"self":0.0178762,"total":0.0178762,"children":null}}},"DecideAction":{"count":1177,"self":1.6463398999999999,"total":1.8522345999999998,"children":{"RayPerceptionSensor.Perceive":{"count":6288,"self":0.20589469999999999,"total":0.20589469999999999,"children":null}}},"AgentAct":{"count":1177,"self":0.11367279999999999,"total":0.11367279999999999,"children":null}},"gauges":{"NormalAgent.CumulativeReward":{"count":32,"max":1.98902547,"min":-1.50050378,"runningAverage":0.374580026,"value":1.78973317,"weightedAverage":0.4981242}},"metadata":{"timer_format_version":"0.1.0","start_time_seconds":"1619506495","unity_version":"2019.4.9f1","command_line_arguments":"C:\\Program Files\\Unity\\Editor\\2019.4.9f1\\Editor\\Unity.exe -projectpath E:\/UnityProjects\/CheatAI -useHub -hubIPC -cloudEnvironment production -hubSessionId 85edaf90-a267-11eb-a4b2-29676937735c","communication_protocol_version":"1.2.0","com.unity.ml-agents_version":"1.5.0-preview","scene_name":"SampleScene","end_time_seconds":"1619506523"}}